{"position":[9.049192428588868,-2.5592286586761476,0.037408966571092609],"health":100,"coins":0}